Workbook

Sheet Düşeyara_Sorgu_Paneli
B2: DÜŞEYARA (VLOOKUP) DİNAMİK ARAMA VE SORGU PANELİ
B3: Bu sayfada ürün veya sipariş kodu seçerek DÜŞEYARA formüllerinin canlı sonuçlarını inceleyebilirsiniz.
B5: TOPLAM ÜRÜN ÇEŞİDİ | D5: TOPLAM SİPARİŞ ADEDİ | F5: TOPLAM NET CİRO
B6: =COUNTA(Urun_Katalogu!A2:A13) -> 12 | D6: =COUNTA(Siparis_Detaylari!A2:A11) -> 10 | F6: =SUM(Siparis_Detaylari!K2:K11) -> 0
B7: =_xlfn.FORMULATEXT(B6) -> =BAĞ_DEĞ_DOLU_SAY(Urun_Katalogu!A2:A13) | D7: =_xlfn.FORMULATEXT(D6) -> =BAĞ_DEĞ_DOLU_SAY(Siparis_Detaylari!A2:A11) | G7: =_xlfn.FORMULATEXT(F6) -> =TOPLA(Siparis_Detaylari!K2:K11)
B9: 1. ÜRÜN KODU İLE DETAY SORGULAMA | E9: 2. SİPARİŞ NO İLE SORGULAMA
B10: Aranan Ürün Kodu: | C10: PRD-101 | E10: Aranan Sipariş No: | F10: SIP-2026-003
B11: Ürün Adı: | E11: Sipariş Tarihi:
B12: Kategori: | E12: Müşteri Adı:
B13: Birim Fiyat: | E13: Satılan Ürün Kodu:
B14: Mevcut Stok: | E14: Satılan Ürün Adı:
B15: Tedarikçi Firma: | E15: Sipariş Miktarı:
B16: Stok Durumu: | E16: Uygulanan İskonto:
E17: Net Toplam Tutar:
B19: 💡 İPUCU & UYGULAMA NOTLARI
B20: 1. C10 veya F10 hücrelerindeki sarı açılır kutulardan farklı bir kod seçerek DÜŞEYARA sonuçlarının anlık değişimini izleyebilirsiniz.
B21: 2. 'Siparis_Detaylari' sayfasında Ürün Adı, Fiyat ve İskonto oranları doğrudan DÜŞEYARA ile otomatik çekilmektedir.
B22: 3. İskonto hesaplamasında DÜŞEYARA'nın 4. parametresi TRUE (1) verilerek Miktar Kademelerine göre Yaklaşık Eşleşme sağlanmıştır.
B23: 4. Hatalı veya bulunamayan girdilerde Excel hata mesajını engellemek için tüm formüller EĞERHATA (IFERROR) ile sarmalanmıştır.

Sheet Urun_Katalogu
A1: Ürün Kodu | B1: Ürün Adı | C1: Kategori | D1: Birim Fiyat (TL) | E1: Stok Miktarı | F1: Tedarikçi Firma | G1: Stok Durumu
A2: PRD-101 | B2: Laptop Pro 15 | C2: Elektronik | D2: 34500 | E2: 45 | F2: TechSaş A.Ş. | H2: Yeterli
A3: PRD-102 | B3: Kablosuz Mouse | C3: Aksesuar | D3: 450 | E3: 120 | F3: LogiTurk Ltd. | H3: Yeterli
A4: PRD-103 | B4: Mekanik Klavye | C4: Aksesuar | D4: 1850 | E4: 8 | F4: LogiTurk Ltd. | H4: Kritik
A5: PRD-104 | B5: 27" Oyuncu Monitörü | C5: Elektronik | D5: 8900 | E5: 22 | F5: DisplayTurk | H5: Yeterli
A6: PRD-105 | B6: Ergonomik Ofis Koltuğu | C6: Mobilya | D6: 4200 | E6: 14 | F6: OfisDizayn | H6: Kritik
A7: PRD-106 | B7: Çalışma Masası 140cm | C7: Mobilya | D7: 3100 | E7: 19 | F7: OfisDizayn | H7: Yeterli
A8: PRD-107 | B8: USB-C Bağlantı İstasyonu | C8: Aksesuar | D8: 1250 | E8: 60 | F8: TechSaş A.Ş. | H8: Yeterli
A9: PRD-108 | B9: HD Web Kamerası | C9: Elektronik | D9: 950 | E9: 11 | F9: DisplayTurk | H9: Kritik
A10: PRD-109 | B10: Kablosuz Kulaklık | C10: Aksesuar | D10: 2100 | E10: 35 | F10: AudioPro | H10: Yeterli
A11: PRD-110 | B11: Harici SSD 1TB | C11: Depolama | D11: 2800 | E11: 50 | F11: TechSaş A.Ş. | H11: Yeterli
A12: PRD-111 | B12: Lazer Yazıcı B&W | C12: Elektronik | D12: 5400 | E12: 9 | F12: PrintTek | H12: Kritik
A13: PRD-112 | B13: Tablet 10.5" | C13: Elektronik | D13: 7600 | E13: 28 | F13: TechSaş A.Ş. | H13: Yeterli

Sheet Siparis_Detaylari
A1: Sipariş No | B1: Tarih | C1: Müşteri Adı | D1: Ürün Kodu | E1: Ürün Adı (VLOOKUP) | F1: Kategori (VLOOKUP) | G1: Miktar | H1: Birim Fiyat (VLOOKUP) | I1: Brüt Tutar | J1: İskonto Oranı (VLOOKUP True) | K1: Net Tutar
A2: SIP-2026-001 | B2: 2026-09-01 | C2: Ahmet Yılmaz | D2: PRD-101 | E2: =IFERROR(VLOOKUP(D2, Urun_Katalogu!$A$2:$G$13, 2, FALSE), "Bilinmiyor") -> Laptop Pro 15 | F2: =IFERROR(VLOOKUP(D2, Urun_Katalogu!$A$2:$G$13, 3, FALSE), "Bilinmiyor") -> Elektronik | G2: 3
A3: SIP-2026-002 | B3: 2026-09-02 | C3: Ayşe Kaya | D3: PRD-103 | E3: =IFERROR(VLOOKUP(D3, Urun_Katalogu!$A$2:$G$13, 2, FALSE), "Bilinmiyor") -> Mekanik Klavye | F3: =IFERROR(VLOOKUP(D3, Urun_Katalogu!$A$2:$G$13, 3, FALSE), "Bilinmiyor") -> Aksesuar | G3: 18
A4: SIP-2026-003 | B4: 2026-09-03 | C4: Mehmet Demir | D4: PRD-102 | E4: =IFERROR(VLOOKUP(D4, Urun_Katalogu!$A$2:$G$13, 2, FALSE), "Bilinmiyor") -> Kablosuz Mouse | F4: =IFERROR(VLOOKUP(D4, Urun_Katalogu!$A$2:$G$13, 3, FALSE), "Bilinmiyor") -> Aksesuar | G4: 50
A5: SIP-2026-004 | B5: 2026-09-04 | C5: Tekno Ltd. Şti. | D5: PRD-104 | E5: =IFERROR(VLOOKUP(D5, Urun_Katalogu!$A$2:$G$13, 2, FALSE), "Bilinmiyor") -> 27" Oyuncu Monitörü | F5: =IFERROR(VLOOKUP(D5, Urun_Katalogu!$A$2:$G$13, 3, FALSE), "Bilinmiyor") -> Elektronik | G5: 8
A6: SIP-2026-005 | B6: 2026-09-05 | C6: Zeynep Çelik | D6: PRD-107 | E6: =IFERROR(VLOOKUP(D6, Urun_Katalogu!$A$2:$G$13, 2, FALSE), "Bilinmiyor") -> USB-C Bağlantı İstasyonu | F6: =IFERROR(VLOOKUP(D6, Urun_Katalogu!$A$2:$G$13, 3, FALSE), "Bilinmiyor") -> Aksesuar | G6: 35
A7: SIP-2026-006 | B7: 2026-09-06 | C7: Caner Erkin | D7: PRD-105 | E7: =IFERROR(VLOOKUP(D7, Urun_Katalogu!$A$2:$G$13, 2, FALSE), "Bilinmiyor") -> Ergonomik Ofis Koltuğu | F7: =IFERROR(VLOOKUP(D7, Urun_Katalogu!$A$2:$G$13, 3, FALSE), "Bilinmiyor") -> Mobilya | G7: 2
A8: SIP-2026-007 | B8: 2026-09-07 | C8: Ofis Sistemleri A.Ş. | D8: PRD-106 | E8: =IFERROR(VLOOKUP(D8, Urun_Katalogu!$A$2:$G$13, 2, FALSE), "Bilinmiyor") -> Çalışma Masası 140cm | F8: =IFERROR(VLOOKUP(D8, Urun_Katalogu!$A$2:$G$13, 3, FALSE), "Bilinmiyor") -> Mobilya | G8: 12
A9: SIP-2026-008 | B9: 2026-09-08 | C9: Elif Şahin | D9: PRD-109 | E9: =IFERROR(VLOOKUP(D9, Urun_Katalogu!$A$2:$G$13, 2, FALSE), "Bilinmiyor") -> Kablosuz Kulaklık | F9: =IFERROR(VLOOKUP(D9, Urun_Katalogu!$A$2:$G$13, 3, FALSE), "Bilinmiyor") -> Aksesuar | G9: 6
A10: SIP-2026-009 | B10: 2026-09-09 | C10: Murat Öztürk | D10: PRD-110 | E10: =IFERROR(VLOOKUP(D10, Urun_Katalogu!$A$2:$G$13, 2, FALSE), "Bilinmiyor") -> Harici SSD 1TB | F10: =IFERROR(VLOOKUP(D10, Urun_Katalogu!$A$2:$G$13, 3, FALSE), "Bilinmiyor") -> Depolama | G10: 25
A11: SIP-2026-010 | B11: 2026-09-10 | C11: Deniz Arslan | D11: PRD-108 | E11: =IFERROR(VLOOKUP(D11, Urun_Katalogu!$A$2:$G$13, 2, FALSE), "Bilinmiyor") -> HD Web Kamerası | F11: =IFERROR(VLOOKUP(D11, Urun_Katalogu!$A$2:$G$13, 3, FALSE), "Bilinmiyor") -> Elektronik | G11: 4
C12: TOPLAM:

Sheet Iskonto_ve_Rehber
A1: DÜŞEYARA (VLOOKUP) REHBERİ VE İSKONTO TABLOSU
A3: Miktar İskonto Kademeleri (Yaklaşık Eşleşme - TRUE/1) | D3: DÜŞEYARA Formülü Çalışma Mantığı
A5: Min. Sipariş Miktarı | B5: İskonto Oranı | D5: Formül Yapısı (TR):
A6: 0 | B6: 0 | D6: Formula Syntax (EN): | E6: =VLOOKUP(lookup_value, table_array, col_index_num, #REF!) -> #NAME?
A7: 5 | B7: 0.05 | D7: 1. Aranan Değer: | E7: Bulunmak istenen anahtar veri (Örn: Ürün Kodu, Müşteri ID, Sipariş No).
A8: 15 | B8: 0.1 | D8: 2. Tablo Dizisi: | E8: Verinin aranacağı tablo. Aranan değer bu tablonun EN SOL SÜTUNUNDA olmalıdır!
A9: 30 | B9: 0.15 | D9: 3. Sütun İndis Sayısı: | E9: Tablonun en solundan başlanarak kaçıncı sütundaki verinin getirileceği (1, 2, 3...)
A10: 50 | B10: 0.2 | D10: 4. Aralık Bak (0 / FALSE): | E10: TAM EŞLEŞME. Birebir aynı kodu bulur (Ürün Kodu, TC No arama gibi).
D11: 5. Aralık Bak (1 / TRUE): | E11: YAKLAŞIK EŞLEŞME. Sayısal aralıklarda en yakın alt değeri bulur (İskonto, Vergi, Notlar).
D12: EĞERHATA Kullanımı: | E12: Hata durumunda (#N/A) 'Bulunamadı' gibi temiz mesaj göstermek için: =EĞERHATA(DÜŞEYARA(...); "Bulunamadı")
